image_path,split,has_helmet,has_gloves,has_vest,has_boots,has_goggles,compliant
images/train/image100.jpg,train,1,0,0,0,0,0
images/train/image1000.jpeg,train,1,0,0,0,0,0
images/train/image1001.jpg,train,1,1,1,1,1,1
images/train/image1002.jpg,train,1,1,1,1,1,1
images/train/image1004.jpg,train,1,1,1,1,1,1
images/train/image1005.jpeg,train,0,0,1,0,0,0
images/train/image1006.jpg,train,1,0,1,1,0,0
images/train/image1008.jpeg,train,1,0,1,0,0,0
images/train/image101.jpeg,train,0,1,1,1,0,0
images/train/image1011.jpg,train,1,1,1,1,1,1
images/train/image1012.jpg,train,1,1,1,1,1,1
images/train/image1013.jpg,train,1,1,1,1,1,1
images/train/image1015.jpg,train,1,1,1,1,1,1
images/train/image1016.jpeg,train,1,0,1,1,0,0
images/train/image1017.jpg,train,1,1,1,1,1,1
images/train/image1018.jpg,train,1,1,1,1,1,1
images/train/image102.jpg,train,1,1,1,0,0,0
images/train/image1020.jpg,train,1,1,1,1,1,1
images/train/image1021.jpg,train,1,1,1,1,1,1
images/train/image1022.jpg,train,1,1,1,1,1,1
images/train/image1024.jpeg,train,1,1,1,0,0,0
images/train/image1025.jpg,train,1,1,1,0,0,0
images/train/image1026.jpg,train,1,1,1,1,1,1
images/train/image1027.jpg,train,1,1,1,1,1,1
images/train/image1028.jpg,train,1,1,1,1,1,1
images/train/image1029.jpg,train,1,1,1,1,1,1
images/train/image103.jpeg,train,0,0,1,0,0,0
images/train/image1030.jpg,train,1,1,1,1,1,1
images/train/image1031.jpg,train,1,1,1,1,1,1
images/train/image1032.jpg,train,1,1,1,1,1,1
images/train/image1033.jpg,train,1,1,1,1,1,1
images/train/image1034.jpg,train,1,1,1,1,1,1
images/train/image1035.jpeg,train,0,0,1,0,0,0
images/train/image1036.jpg,train,1,0,1,0,0,0
images/train/image1038.jpg,train,1,1,1,0,0,0
images/train/image1039.jpg,train,1,1,1,1,1,1
images/train/image104.jpg,train,1,1,1,1,1,1
images/train/image1040.jpg,train,1,1,1,1,1,1
images/train/image1041.jpg,train,1,1,1,1,1,1
images/train/image1042.jpg,train,1,1,1,1,1,1
images/train/image1043.jpg,train,1,1,1,1,1,1
images/train/image1044.jpg,train,1,1,1,1,1,1
images/train/image1045.jpg,train,1,1,1,1,1,1
images/train/image1047.jpg,train,1,1,1,1,1,1
images/train/image1048.jpg,train,1,1,1,1,1,1
images/train/image105.jpg,train,1,1,1,1,1,1
images/train/image1050.jpg,train,1,1,1,1,1,1
images/train/image1051.jpeg,train,1,0,1,0,0,0
images/train/image1052.jpg,train,1,1,1,1,1,1
images/train/image1053.jpg,train,1,1,1,1,1,1
images/train/image1054.jpg,train,1,1,1,1,1,1
images/train/image1056.jpg,train,1,1,1,1,1,1
images/train/image1058.jpg,train,1,1,1,1,1,1
images/train/image1059.jpg,train,1,1,1,1,1,1
images/train/image106.jpg,train,1,1,1,1,1,1
images/train/image1060.jpeg,train,1,1,1,0,0,0
images/train/image1061.jpg,train,1,1,1,1,1,1
images/train/image1062.jpg,train,1,1,1,1,1,1
images/train/image1063.jpg,train,1,1,1,1,1,1
images/train/image1064.jpg,train,1,1,1,1,1,1
images/train/image1066.jpg,train,1,1,1,1,1,1
images/train/image1067.jpg,train,1,1,1,1,1,1
images/train/image1068.jpg,train,1,1,1,1,1,1
images/train/image1069.jpeg,train,0,0,1,1,0,0
images/train/image107.jpg,train,0,0,1,0,0,0
images/train/image1070.jpg,train,1,1,1,1,1,1
images/train/image1071.jpg,train,1,1,1,1,1,1
images/train/image1073.jpg,train,1,1,1,1,1,1
images/train/image1075.jpg,train,1,1,1,1,1,1
images/train/image1077.jpg,train,1,1,1,1,1,1
images/train/image1078.jpeg,train,1,0,1,0,0,0
images/train/image1079.jpg,train,1,0,1,0,0,0
images/train/image108.jpg,train,1,0,1,0,0,0
images/train/image1080.jpg,train,1,1,1,1,1,1
images/train/image1081.jpg,train,1,1,1,1,1,1
images/train/image1082.jpg,train,1,1,1,1,1,1
images/train/image1084.jpg,train,1,1,1,1,1,1
images/train/image1086.jpg,train,1,1,1,1,1,1
images/train/image1087.jpg,train,1,1,1,1,1,1
images/train/image109.jpg,train,1,0,1,0,0,0
images/train/image1090.jpeg,train,0,0,1,0,0,0
images/train/image1092.jpg,train,1,1,1,1,1,1
images/train/image1093.jpg,train,1,1,1,1,1,1
images/train/image1094.jpg,train,1,1,1,1,1,1
images/train/image1095.jpg,train,1,1,1,1,1,1
images/train/image1097.jpg,train,1,1,1,1,1,1
images/train/image1098.jpg,train,1,1,1,1,1,1
images/train/image1099.jpg,train,1,1,1,1,1,1
images/train/image1100.jpeg,train,1,0,1,0,0,0
images/train/image1101.jpg,train,1,1,1,1,1,1
images/train/image1102.jpg,train,1,1,1,1,1,1
images/train/image1103.jpg,train,1,1,1,1,1,1
images/train/image1104.jpg,train,1,1,1,1,1,1
images/train/image1105.jpg,train,1,1,1,1,1,1
images/train/image1106.jpg,train,1,1,1,1,1,1
images/train/image1108.jpg,train,1,1,1,1,1,1
images/train/image111.jpg,train,1,0,1,0,0,0
images/train/image1110.jpeg,train,1,0,1,0,0,0
images/train/image1112.jpg,train,1,1,1,1,1,1
images/train/image1113.jpg,train,1,1,1,1,1,1
images/train/image1115.jpg,train,1,1,1,1,1,1
images/train/image1116.jpg,train,1,1,1,1,1,1
images/train/image1117.jpg,train,0,0,0,0,0,0
images/train/image1118.jpg,train,0,0,0,0,0,0
images/train/image1119.jpg,train,0,0,0,0,0,0
images/train/image112.jpeg,train,0,1,1,0,0,0
images/train/image1122.jpg,train,0,0,0,1,1,0
images/train/image1123.jpg,train,0,1,0,0,0,0
images/train/image1124.jpg,train,0,0,0,0,1,0
images/train/image1126.jpg,train,0,0,0,1,1,0
images/train/image1127.jpg,train,0,0,0,0,0,0
images/train/image1128.jpg,train,0,0,0,1,0,0
images/train/image113.jpg,train,0,0,1,0,0,0
images/train/image1131.jpg,train,0,0,0,0,0,0
images/train/image1134.jpg,train,0,0,0,0,0,0
images/train/image1135.jpg,train,0,0,0,1,0,0
images/train/image1136.jpg,train,0,0,0,0,0,0
images/train/image1138.jpg,train,0,0,0,1,0,0
images/train/image114.jpg,train,0,0,1,0,0,0
images/train/image1140.jpg,train,1,0,0,0,0,0
images/train/image1141.jpg,train,0,0,0,1,0,0
images/train/image1142.jpg,train,0,0,0,0,0,0
images/train/image1143.jpg,train,0,1,0,1,1,0
images/train/image1144.jpg,train,0,0,0,1,0,0
images/train/image1147.jpg,train,0,0,0,0,0,0
images/train/image1148.jpg,train,0,0,0,0,0,0
images/train/image1149.jpg,train,0,0,0,1,0,0
images/train/image1150.jpg,train,0,0,0,0,0,0
images/train/image1153.jpg,train,0,0,0,0,0,0
images/train/image1154.jpg,train,0,0,0,0,0,0
images/train/image1155.jpg,train,0,0,0,0,0,0
images/train/image1156.jpg,train,0,0,0,0,0,0
images/train/image1157.jpg,train,0,0,0,0,0,0
images/train/image1158.jpg,train,0,0,0,0,0,0
images/train/image1159.jpg,train,0,0,0,1,0,0
images/train/image1160.jpg,train,0,0,0,0,0,0
images/train/image1161.jpg,train,0,0,0,1,1,0
images/train/image1162.jpg,train,0,0,1,1,0,0
images/train/image1163.jpg,train,0,0,0,0,0,0
images/train/image1164.jpg,train,0,1,0,1,0,0
images/train/image1165.jpg,train,0,0,0,0,0,0
images/train/image1166.jpg,train,0,0,0,0,1,0
images/train/image1167.jpg,train,0,0,0,0,0,0
images/train/image1168.jpg,train,0,0,0,0,0,0
images/train/image1169.jpg,train,0,0,0,0,0,0
images/train/image1170.jpg,train,0,0,0,0,0,0
images/train/image1171.jpg,train,0,0,0,0,0,0
images/train/image1172.jpg,train,0,0,0,1,0,0
images/train/image1173.jpg,train,0,0,0,1,1,0
images/train/image1174.jpg,train,0,0,0,1,0,0
images/train/image1175.jpg,train,0,0,0,0,1,0
images/train/image1176.jpg,train,0,0,0,0,0,0
images/train/image1177.jpg,train,0,0,0,0,0,0
images/train/image1179.jpg,train,0,1,0,0,0,0
images/train/image118.jpg,train,0,0,1,0,0,0
images/train/image1180.jpg,train,0,0,0,0,0,0
images/train/image1181.jpg,train,0,0,0,1,0,0
images/train/image1182.jpg,train,0,0,0,0,0,0
images/train/image1184.jpg,train,0,0,0,0,0,0
images/train/image1185.jpg,train,0,0,0,0,1,0
images/train/image1186.jpg,train,0,0,0,0,0,0
images/train/image1187.jpg,train,0,0,0,0,0,0
images/train/image1188.jpg,train,0,0,0,0,0,0
images/train/image1189.jpg,train,0,0,0,0,1,0
images/train/image119.jpg,train,1,0,1,0,0,0
images/train/image1191.jpg,train,0,0,0,0,1,0
images/train/image1192.jpg,train,0,0,0,0,0,0
images/train/image1194.jpg,train,0,0,0,0,0,0
images/train/image1195.jpg,train,0,0,0,0,0,0
images/train/image1196.jpg,train,0,0,0,0,0,0
images/train/image1197.jpg,train,0,0,0,0,0,0
images/train/image1198.jpg,train,0,0,0,0,0,0
images/train/image1199.jpg,train,0,0,0,1,0,0
images/train/image120.jpg,train,1,1,1,0,0,0
images/train/image1200.jpg,train,0,0,0,0,1,0
images/train/image1201.jpg,train,0,0,0,0,0,0
images/train/image1202.jpg,train,0,0,0,0,1,0
images/train/image1204.jpg,train,0,0,0,0,1,0
images/train/image1206.jpg,train,0,0,0,0,0,0
images/train/image1207.jpg,train,0,0,0,0,0,0
images/train/image1208.jpg,train,0,0,0,0,0,0
images/train/image1209.jpg,train,0,0,0,0,0,0
images/train/image121.jpg,train,1,0,1,0,0,0
images/train/image1210.jpg,train,0,0,0,0,0,0
images/train/image1212.jpg,train,0,0,0,0,1,0
images/train/image1213.jpg,train,0,0,0,0,0,0
images/train/image1214.jpg,train,0,0,0,0,0,0
images/train/image1216.jpg,train,1,0,0,0,0,0
images/train/image1218.jpg,train,0,0,0,0,0,0
images/train/image1219.jpg,train,0,0,0,0,0,0
images/train/image1220.jpg,train,0,0,0,0,0,0
images/train/image1221.jpg,train,0,0,0,0,0,0
images/train/image1222.jpg,train,0,0,0,0,0,0
images/train/image1224.jpg,train,0,0,0,0,0,0
images/train/image1225.jpg,train,0,0,0,0,0,0
images/train/image1226.jpg,train,0,0,0,0,0,0
images/train/image1227.jpg,train,0,0,0,0,0,0
images/train/image1228.jpg,train,0,0,0,0,0,0
images/train/image123.jpg,train,1,1,1,0,0,0
images/train/image1230.jpg,train,0,0,0,0,1,0
images/train/image1232.jpg,train,0,0,0,0,0,0
images/train/image1233.jpg,train,0,1,0,0,0,0
images/train/image1236.jpg,train,0,0,0,0,0,0
images/train/image1237.jpg,train,0,0,0,0,0,0
images/train/image1238.jpg,train,0,0,0,0,0,0
images/train/image124.jpg,train,1,0,1,0,0,0
images/train/image1240.jpg,train,0,0,0,0,0,0
images/train/image1241.jpg,train,0,0,0,0,0,0
images/train/image1242.jpg,train,0,0,0,0,0,0
images/train/image1243.jpg,train,0,0,0,0,0,0
images/train/image1244.jpg,train,1,1,0,1,0,0
images/train/image1245.jpg,train,0,0,0,0,0,0
images/train/image1246.jpg,train,0,0,0,0,0,0
images/train/image1247.jpg,train,0,0,0,0,0,0
images/train/image1249.jpg,train,0,0,0,0,0,0
images/train/image125.jpg,train,1,0,1,0,0,0
images/train/image1250.jpg,train,0,0,0,0,0,0
images/train/image1251.jpg,train,0,0,0,0,0,0
images/train/image1253.jpg,train,0,0,0,0,0,0
images/train/image1254.jpg,train,0,0,0,0,0,0
images/train/image1255.jpg,train,0,0,0,1,0,0
images/train/image1257.jpg,train,0,0,0,0,0,0
images/train/image1258.jpg,train,0,0,0,0,0,0
images/train/image1259.jpg,train,0,0,0,0,0,0
images/train/image126.jpg,train,1,1,1,1,0,0
images/train/image1260.jpg,train,0,0,0,0,0,0
images/train/image1261.jpg,train,0,1,0,0,0,0
images/train/image1262.jpg,train,0,0,0,0,0,0
images/train/image1263.jpg,train,0,0,0,0,0,0
images/train/image1265.jpg,train,0,0,0,0,0,0
images/train/image1266.jpg,train,0,0,0,0,0,0
images/train/image1267.jpg,train,0,0,0,0,0,0
images/train/image1268.jpg,train,0,0,0,0,0,0
images/train/image1269.jpg,train,1,0,0,0,0,0
images/train/image127.jpg,train,1,1,1,1,0,0
images/train/image1271.jpg,train,0,0,0,0,0,0
images/train/image1272.jpg,train,0,0,0,0,0,0
images/train/image1274.jpg,train,0,0,0,0,0,0
images/train/image1275.jpg,train,0,0,0,0,0,0
images/train/image1277.jpg,train,0,1,0,0,0,0
images/train/image1278.jpg,train,0,0,0,0,0,0
images/train/image1279.jpg,train,0,0,0,0,0,0
images/train/image128.jpg,train,1,0,1,0,0,0
images/train/image1280.jpg,train,0,0,0,0,1,0
images/train/image1281.jpg,train,0,0,0,0,0,0
images/train/image1282.jpg,train,0,0,0,0,0,0
images/train/image1283.jpg,train,0,0,0,0,0,0
images/train/image1284.jpg,train,0,0,0,0,0,0
images/train/image1285.jpg,train,0,0,0,0,0,0
images/train/image1286.jpg,train,0,0,0,0,0,0
images/train/image1287.jpg,train,0,0,0,0,0,0
images/train/image1288.jpg,train,0,0,0,0,0,0
images/train/image1289.jpg,train,1,1,0,0,0,0
images/train/image129.jpg,train,0,0,1,1,1,0
images/train/image1291.jpg,train,0,0,0,0,0,0
images/train/image1294.jpg,train,0,0,0,0,0,0
images/train/image1295.jpg,train,0,0,0,0,0,0
images/train/image1296.jpg,train,0,0,0,0,0,0
images/train/image1297.jpg,train,0,0,0,0,0,0
images/train/image1298.jpg,train,0,0,0,0,0,0
images/train/image1299.jpg,train,1,0,0,0,0,0
images/train/image13.jpeg,train,1,0,1,0,0,0
images/train/image1300.jpg,train,0,0,0,0,0,0
images/train/image1302.jpg,train,0,0,0,0,0,0
images/train/image1303.jpg,train,0,0,0,0,1,0
images/train/image1304.jpg,train,0,0,0,0,0,0
images/train/image1305.jpg,train,0,0,0,0,0,0
images/train/image1307.jpg,train,0,0,0,0,0,0
images/train/image1308.jpg,train,0,0,0,0,0,0
images/train/image1309.jpg,train,0,0,0,0,0,0
images/train/image131.jpg,train,1,0,1,0,0,0
images/train/image1310.jpg,train,0,0,0,0,0,0
images/train/image1311.jpg,train,0,0,0,0,0,0
images/train/image1312.jpg,train,0,0,0,0,0,0
images/train/image1313.jpg,train,0,0,0,0,0,0
images/train/image1314.jpg,train,0,0,0,0,0,0
images/train/image1315.jpg,train,0,0,0,0,0,0
images/train/image1316.jpg,train,0,0,0,0,0,0
images/train/image1317.jpg,train,0,0,0,0,0,0
images/train/image1318.jpg,train,0,0,0,0,0,0
images/train/image1319.jpg,train,0,0,0,0,0,0
images/train/image1320.jpg,train,0,0,0,0,1,0
images/train/image1321.jpg,train,0,0,0,0,0,0
images/train/image1322.jpg,train,0,0,0,0,0,0
images/train/image1323.jpg,train,0,0,0,1,1,0
images/train/image1324.jpg,train,0,0,0,1,0,0
images/train/image1325.jpg,train,0,0,0,0,0,0
images/train/image1326.jpg,train,0,0,0,0,0,0
images/train/image1327.jpg,train,0,0,0,0,0,0
images/train/image1328.jpg,train,0,0,0,0,1,0
images/train/image1329.jpg,train,0,0,0,0,0,0
images/train/image133.jpeg,train,1,0,1,1,0,0
images/train/image1334.jpg,train,0,0,0,0,0,0
images/train/image1335.jpg,train,0,0,0,0,0,0
images/train/image1336.jpg,train,0,0,0,0,0,0
images/train/image1337.jpg,train,0,0,0,0,1,0
images/train/image1338.jpg,train,0,0,0,0,0,0
images/train/image1339.jpg,train,0,0,0,0,0,0
images/train/image134.jpg,train,1,0,1,0,0,0
images/train/image1340.jpg,train,0,0,0,0,0,0
images/train/image1343.jpg,train,0,0,0,0,0,0
images/train/image1345.jpg,train,0,0,0,0,0,0
images/train/image1347.jpg,train,0,0,0,0,0,0
images/train/image1348.jpg,train,0,0,0,0,0,0
images/train/image1349.jpg,train,0,0,0,0,0,0
images/train/image135.jpg,train,1,0,1,0,0,0
images/train/image1350.jpg,train,0,0,0,0,0,0
images/train/image1351.jpg,train,0,1,0,0,0,0
images/train/image1352.jpg,train,0,0,0,0,0,0
images/train/image1353.jpg,train,0,0,0,0,0,0
images/train/image1355.jpg,train,0,0,0,0,0,0
images/train/image1356.jpg,train,0,0,0,0,0,0
images/train/image1357.jpg,train,1,0,0,0,0,0
images/train/image1358.jpg,train,1,0,0,0,0,0
images/train/image1359.jpg,train,0,0,0,0,0,0
images/train/image136.jpg,train,1,0,1,1,0,0
images/train/image1360.jpg,train,0,1,0,0,0,0
images/train/image1361.jpg,train,0,0,0,0,0,0
images/train/image1362.jpg,train,0,0,0,0,0,0
images/train/image1363.jpg,train,0,0,0,0,0,0
images/train/image1364.jpg,train,0,0,0,0,0,0
images/train/image1365.jpg,train,0,0,0,0,0,0
images/train/image1366.jpg,train,0,0,0,0,0,0
images/train/image1367.jpg,train,0,1,0,0,0,0
images/train/image1368.jpg,train,0,0,0,1,0,0
images/train/image1370.jpg,train,0,0,0,0,0,0
images/train/image1371.jpg,train,0,0,0,0,0,0
images/train/image1372.jpg,train,0,0,0,0,0,0
images/train/image1373.jpg,train,0,0,0,0,0,0
images/train/image1374.jpg,train,0,0,0,0,0,0
images/train/image1376.jpg,train,0,0,0,0,0,0
images/train/image1378.jpg,train,0,0,0,0,0,0
images/train/image1379.jpg,train,0,0,0,0,0,0
images/train/image138.jpg,train,0,0,1,1,0,0
images/train/image1380.jpg,train,0,0,0,0,0,0
images/train/image1381.jpg,train,0,0,0,0,0,0
images/train/image1382.jpg,train,0,0,0,0,0,0
images/train/image1383.jpg,train,0,0,0,0,0,0
images/train/image1384.jpg,train,0,0,0,0,0,0
images/train/image1385.jpg,train,0,0,0,0,0,0
images/train/image1386.jpg,train,0,0,0,0,0,0
images/train/image1387.jpg,train,0,0,0,1,0,0
images/train/image1388.jpg,train,0,0,0,0,0,0
images/train/image1389.jpg,train,0,0,0,0,0,0
images/train/image139.jpg,train,1,0,1,0,0,0
images/train/image1390.jpg,train,0,0,0,0,0,0
images/train/image1391.jpg,train,0,0,0,0,0,0
images/train/image1393.jpg,train,0,0,0,0,0,0
images/train/image1394.jpg,train,0,0,0,0,0,0
images/train/image1395.jpg,train,0,0,0,1,0,0
images/train/image1396.jpg,train,0,0,0,1,0,0
images/train/image1398.jpg,train,0,0,0,0,0,0
images/train/image1399.jpg,train,0,0,0,1,0,0
images/train/image14.jpeg,train,1,0,1,0,0,0
images/train/image1400.jpg,train,0,0,0,0,0,0
images/train/image1401.jpg,train,0,0,0,0,0,0
images/train/image1403.jpg,train,0,0,0,0,0,0
images/train/image1404.jpg,train,0,0,0,0,0,0
images/train/image1405.jpg,train,0,0,0,0,0,0
images/train/image1407.jpg,train,0,0,0,0,0,0
images/train/image1408.jpg,train,0,0,0,0,0,0
images/train/image1409.jpg,train,0,0,0,0,0,0
images/train/image1410.jpg,train,0,0,0,0,0,0
images/train/image1411.jpg,train,0,0,0,1,0,0
images/train/image1412.jpg,train,0,0,0,0,0,0
images/train/image1413.jpg,train,0,0,0,0,0,0
images/train/image1414.jpg,train,0,0,0,0,0,0
images/train/image1415.jpg,train,0,0,0,1,0,0
images/train/image1416.jpg,train,0,0,0,0,0,0
images/train/image142.jpg,train,1,1,1,0,0,0
images/train/image143.jpg,train,1,0,1,0,0,0
images/train/image145.jpg,train,1,0,1,0,0,0
images/train/image146.jpg,train,1,0,1,1,0,0
images/train/image147.jpg,train,1,0,1,0,0,0
images/train/image148.jpg,train,1,0,1,0,0,0
images/train/image15.jpg,train,1,1,1,0,0,0
images/train/image152.jpeg,train,1,1,1,1,0,0
images/train/image153.jpg,train,1,1,1,0,0,0
images/train/image154.jpg,train,1,0,1,1,0,0
images/train/image155.jpeg,train,1,1,1,0,0,0
images/train/image156.jpg,train,1,1,1,0,0,0
images/train/image157.jpeg,train,1,0,1,0,0,0
images/train/image158.jpeg,train,1,0,1,0,0,0
images/train/image159.jpeg,train,1,1,0,0,1,0
images/train/image16.jpeg,train,1,0,1,0,0,0
images/train/image162.jpg,train,1,1,1,0,0,0
images/train/image163.jpg,train,1,0,1,0,0,0
images/train/image165.jpg,train,1,0,1,0,0,0
images/train/image166.jpg,train,1,0,1,0,0,0
images/train/image17.jpg,train,1,1,1,0,0,0
images/train/image170.jpg,train,1,0,1,0,0,0
images/train/image172.jpg,train,1,1,1,0,0,0
images/train/image173.jpg,train,1,1,1,0,0,0
images/train/image174.jpg,train,1,0,1,0,0,0
images/train/image175.jpg,train,1,1,1,1,0,0
images/train/image177.jpg,train,1,0,1,0,1,0
images/train/image178.jpg,train,1,1,0,0,1,0
images/train/image179.jpg,train,1,0,1,0,0,0
images/train/image18.jpeg,train,1,0,0,1,0,0
images/train/image181.jpg,train,1,1,1,0,0,0
images/train/image183.jpg,train,1,0,1,0,0,0
images/train/image184.jpg,train,1,0,1,0,0,0
images/train/image185.jpg,train,1,0,1,0,0,0
images/train/image186.jpg,train,1,0,1,0,1,0
images/train/image187.jpg,train,1,0,1,0,1,0
images/train/image188.jpg,train,1,1,1,1,1,1
images/train/image189.jpg,train,1,1,1,0,0,0
images/train/image19.jpeg,train,1,0,1,0,1,0
images/train/image191.jpg,train,1,0,1,1,1,0
images/train/image192.jpg,train,1,1,1,1,0,0
images/train/image193.jpg,train,1,1,1,1,0,0
images/train/image194.jpg,train,1,1,1,1,0,0
images/train/image195.jpg,train,1,1,1,0,0,0
images/train/image196.jpg,train,1,0,1,0,0,0
images/train/image197.jpg,train,1,0,1,0,0,0
images/train/image198.jpg,train,1,0,1,0,0,0
images/train/image2.jpg,train,1,0,1,0,1,0
images/train/image20.jpg,train,1,1,1,0,1,0
images/train/image200.jpg,train,1,0,1,0,0,0
images/train/image201.jpg,train,1,0,1,0,1,0
images/train/image203.jpg,train,1,1,1,0,1,0
images/train/image204.jpg,train,1,1,1,0,1,0
images/train/image205.jpg,train,1,0,1,0,0,0
images/train/image206.jpg,train,1,1,1,0,1,0
images/train/image208.jpeg,train,1,1,1,1,0,0
images/train/image209.jpg,train,1,0,1,0,0,0
images/train/image21.jpeg,train,1,1,1,0,0,0
images/train/image210.jpg,train,1,1,1,1,0,0
images/train/image211.jpeg,train,1,0,1,0,0,0
images/train/image213.jpg,train,0,1,1,1,1,0
images/train/image214.jpeg,train,0,0,1,0,0,0
images/train/image215.jpeg,train,0,0,1,0,0,0
images/train/image216.jpg,train,1,0,1,0,0,0
images/train/image217.jpg,train,1,1,1,1,0,0
images/train/image218.jpg,train,1,1,1,0,0,0
images/train/image219.jpg,train,1,1,1,1,0,0
images/train/image22.jpg,train,1,1,1,1,0,0
images/train/image220.jpg,train,1,1,1,0,0,0
images/train/image221.jpg,train,1,1,1,0,0,0
images/train/image222.jpg,train,1,1,1,1,0,0
images/train/image223.jpg,train,0,0,1,0,0,0
images/train/image224.jpg,train,1,0,1,0,0,0
images/train/image226.jpg,train,1,0,1,0,0,0
images/train/image227.jpg,train,1,0,1,0,0,0
images/train/image228.jpg,train,0,0,1,0,0,0
images/train/image229.jpg,train,0,0,1,0,0,0
images/train/image232.jpg,train,1,0,1,0,0,0
images/train/image233.jpg,train,1,0,1,0,0,0
images/train/image234.jpg,train,1,0,1,0,0,0
images/train/image235.jpg,train,1,1,1,1,1,1
images/train/image236.jpg,train,1,1,1,1,1,1
images/train/image237.jpg,train,1,1,1,1,1,1
images/train/image239.jpg,train,1,1,1,1,1,1
images/train/image24.jpg,train,1,1,1,1,1,1
images/train/image240.jpg,train,1,1,1,1,1,1
images/train/image242.jpg,train,1,1,1,1,1,1
images/train/image243.jpg,train,1,1,1,1,1,1
images/train/image244.jpg,train,1,1,1,1,1,1
images/train/image245.jpg,train,1,1,1,1,1,1
images/train/image246.jpg,train,1,1,1,1,1,1
images/train/image247.jpg,train,1,1,1,1,1,1
images/train/image248.jpg,train,1,1,1,1,1,1
images/train/image249.jpg,train,1,1,1,1,1,1
images/train/image25.jpeg,train,1,1,1,0,1,0
images/train/image250.jpg,train,1,1,1,1,1,1
images/train/image251.jpg,train,1,1,1,1,1,1
images/train/image252.jpg,train,1,1,1,1,0,0
images/train/image254.jpg,train,1,1,1,1,1,1
images/train/image255.jpg,train,1,1,1,1,1,1
images/train/image256.jpg,train,1,1,1,1,1,1
images/train/image258.jpg,train,1,1,1,1,1,1
images/train/image26.jpeg,train,1,0,1,0,0,0
images/train/image260.jpg,train,1,1,1,1,1,1
images/train/image261.jpg,train,1,1,1,1,1,1
images/train/image262.jpg,train,1,1,1,1,1,1
images/train/image263.jpg,train,1,1,1,1,1,1
images/train/image264.jpg,train,1,1,1,1,1,1
images/train/image265.jpg,train,1,1,1,1,1,1
images/train/image266.jpg,train,1,1,1,1,1,1
images/train/image267.jpg,train,1,1,1,1,1,1
images/train/image268.jpg,train,1,1,1,1,1,1
images/train/image269.jpg,train,1,1,1,1,1,1
images/train/image272.jpg,train,1,1,1,1,1,1
images/train/image273.jpg,train,1,1,1,1,1,1
images/train/image274.jpg,train,1,1,1,1,1,1
images/train/image275.jpg,train,1,1,1,1,1,1
images/train/image276.jpg,train,1,1,1,1,1,1
images/train/image277.jpg,train,1,1,1,1,1,1
images/train/image279.jpg,train,1,1,1,0,1,0
images/train/image28.jpeg,train,1,0,1,0,0,0
images/train/image280.jpg,train,1,1,1,1,1,1
images/train/image281.jpg,train,1,1,1,1,1,1
images/train/image282.jpg,train,1,1,1,1,1,1
images/train/image283.jpg,train,1,1,1,1,1,1
images/train/image284.jpg,train,1,1,1,0,0,0
images/train/image285.jpg,train,1,0,1,0,1,0
images/train/image286.jpg,train,1,0,1,0,0,0
images/train/image288.jpg,train,1,1,1,1,1,1
images/train/image289.jpg,train,1,1,1,1,1,1
images/train/image29.jpeg,train,1,0,1,0,0,0
images/train/image290.jpg,train,1,1,1,0,1,0
images/train/image291.jpg,train,1,1,1,1,1,1
images/train/image292.jpg,train,1,1,1,1,1,1
images/train/image293.jpeg,train,0,1,1,0,0,0
images/train/image294.jpg,train,1,1,1,1,1,1
images/train/image295.jpg,train,1,1,1,1,1,1
images/train/image297.jpg,train,1,1,1,1,1,1
images/train/image298.jpg,train,1,1,1,1,1,1
images/train/image299.jpg,train,1,1,1,1,1,1
images/train/image3.jpeg,train,1,0,1,0,0,0
images/train/image30.jpeg,train,1,0,1,1,0,0
images/train/image300.jpeg,train,0,0,1,0,0,0
images/train/image301.jpg,train,1,1,1,0,1,0
images/train/image302.jpg,train,1,1,1,1,1,1
images/train/image303.jpg,train,1,1,1,1,1,1
images/train/image304.jpg,train,0,0,1,0,0,0
images/train/image305.jpg,train,1,1,1,0,0,0
images/train/image306.jpg,train,1,0,1,0,0,0
images/train/image307.jpg,train,0,0,1,0,0,0
images/train/image308.jpg,train,1,0,1,0,0,0
images/train/image309.jpg,train,1,0,0,0,0,0
images/train/image310.jpg,train,1,0,1,0,1,0
images/train/image311.jpg,train,1,1,1,0,0,0
images/train/image312.jpg,train,1,1,1,0,0,0
images/train/image313.jpg,train,1,1,1,0,0,0
images/train/image314.jpg,train,1,0,1,0,0,0
images/train/image315.jpg,train,1,1,1,0,0,0
images/train/image316.jpg,train,1,1,1,0,1,0
images/train/image317.jpg,train,1,1,1,0,0,0
images/train/image319.jpg,train,1,0,1,0,1,0
images/train/image32.jpeg,train,1,1,1,0,1,0
images/train/image320.jpg,train,1,0,1,0,1,0
images/train/image321.jpg,train,1,0,1,1,0,0
images/train/image322.jpg,train,1,0,1,0,0,0
images/train/image323.jpg,train,1,0,1,0,1,0
images/train/image325.jpg,train,1,1,1,0,0,0
images/train/image326.jpg,train,1,1,1,0,0,0
images/train/image327.jpeg,train,1,0,1,0,0,0
images/train/image328.jpeg,train,1,0,1,0,0,0
images/train/image33.jpg,train,1,1,1,0,1,0
images/train/image331.jpg,train,0,1,1,0,0,0
images/train/image332.jpg,train,1,1,1,0,1,0
images/train/image333.jpg,train,1,1,1,0,0,0
images/train/image334.jpg,train,1,1,1,0,0,0
images/train/image335.jpg,train,1,1,1,0,0,0
images/train/image336.jpg,train,1,0,1,0,1,0
images/train/image338.jpg,train,1,0,1,0,0,0
images/train/image339.jpg,train,1,0,1,0,0,0
images/train/image34.jpeg,train,1,0,1,0,0,0
images/train/image340.jpg,train,1,0,1,0,0,0
images/train/image341.jpg,train,1,0,1,0,0,0
images/train/image342.jpg,train,1,0,1,0,0,0
images/train/image343.jpeg,train,1,1,1,0,0,0
images/train/image344.jpg,train,1,0,1,0,0,0
images/train/image346.jpg,train,1,0,1,0,0,0
images/train/image348.jpg,train,1,0,1,0,0,0
images/train/image349.jpg,train,0,0,1,0,0,0
images/train/image351.jpg,train,1,1,1,1,1,1
images/train/image352.jpg,train,1,1,1,0,0,0
images/train/image353.jpg,train,1,1,1,1,1,1
images/train/image354.jpg,train,1,0,1,0,0,0
images/train/image356.jpg,train,1,1,1,1,1,1
images/train/image357.jpg,train,1,1,1,1,1,1
images/train/image358.jpg,train,1,1,1,1,1,1
images/train/image359.jpg,train,1,1,1,1,1,1
images/train/image36.jpg,train,1,1,1,0,0,0
images/train/image362.jpg,train,0,1,0,0,0,0
images/train/image363.jpg,train,1,1,1,1,1,1
images/train/image364.jpg,train,1,1,1,1,0,0
images/train/image365.jpg,train,1,0,1,0,0,0
images/train/image366.jpg,train,1,1,1,1,1,1
images/train/image367.jpg,train,1,1,1,1,1,1
images/train/image368.jpg,train,1,1,1,1,0,0
images/train/image369.jpg,train,1,1,1,1,1,1
images/train/image37.jpeg,train,1,1,0,1,0,0
images/train/image370.jpg,train,1,1,1,1,1,1
images/train/image371.jpg,train,1,1,1,1,1,1
images/train/image372.jpg,train,1,1,1,1,1,1
images/train/image373.jpg,train,1,1,1,1,1,1
images/train/image374.jpg,train,1,1,1,1,1,1
images/train/image375.jpg,train,1,1,1,1,0,0
images/train/image376.jpg,train,1,0,1,1,0,0
images/train/image377.jpg,train,1,1,1,1,1,1
images/train/image378.jpg,train,1,1,1,1,1,1
images/train/image379.jpg,train,1,1,1,1,1,1
images/train/image38.jpg,train,1,1,1,0,0,0
images/train/image380.jpg,train,1,1,1,1,1,1
images/train/image382.jpg,train,1,1,1,1,1,1
images/train/image383.jpg,train,1,1,1,1,1,1
images/train/image384.jpg,train,1,1,1,1,1,1
images/train/image385.jpg,train,1,1,1,1,1,1
images/train/image386.jpg,train,1,1,1,1,1,1
images/train/image387.jpg,train,1,1,1,1,1,1
images/train/image388.jpg,train,1,1,1,1,1,1
images/train/image39.jpeg,train,0,0,1,0,0,0
images/train/image390.jpg,train,1,1,1,1,1,1
images/train/image394.jpg,train,1,1,1,1,1,1
images/train/image397.jpg,train,1,0,1,1,0,0
images/train/image398.jpg,train,1,1,1,1,0,0
images/train/image399.jpg,train,1,1,1,1,1,1
images/train/image4.jpg,train,1,1,0,0,0,0
images/train/image400.jpg,train,1,1,1,1,1,1
images/train/image402.jpg,train,1,1,1,1,1,1
images/train/image403.jpg,train,1,1,1,1,1,1
images/train/image404.jpg,train,1,1,1,1,1,1
images/train/image405.jpg,train,1,1,1,1,1,1
images/train/image406.jpg,train,1,1,1,1,1,1
images/train/image408.jpg,train,1,0,1,1,0,0
images/train/image409.jpg,train,1,1,1,1,1,1
images/train/image41.jpeg,train,0,0,1,1,0,0
images/train/image410.jpg,train,0,1,1,1,1,0
images/train/image412.jpg,train,1,1,1,1,1,1
images/train/image413.jpg,train,1,1,1,1,1,1
images/train/image414.jpg,train,1,1,1,1,1,1
images/train/image415.jpg,train,1,1,1,1,1,1
images/train/image416.jpg,train,1,1,1,1,1,1
images/train/image417.jpg,train,1,1,1,1,1,1
images/train/image418.jpg,train,1,1,1,1,1,1
images/train/image42.jpg,train,1,1,1,1,0,0
images/train/image420.jpg,train,1,1,1,1,1,1
images/train/image421.jpg,train,1,1,1,1,1,1
images/train/image422.jpg,train,1,1,1,1,1,1
images/train/image424.jpg,train,1,1,1,1,1,1
images/train/image425.jpg,train,1,1,1,1,1,1
images/train/image426.jpg,train,1,1,1,1,1,1
images/train/image427.jpg,train,1,1,1,1,1,1
images/train/image428.jpg,train,1,1,1,1,1,1
images/train/image429.jpg,train,1,0,1,1,0,0
images/train/image43.jpeg,train,1,0,1,1,0,0
images/train/image432.jpg,train,1,1,1,1,1,1
images/train/image433.jpg,train,1,1,1,1,1,1
images/train/image434.jpg,train,1,1,1,1,1,1
images/train/image435.jpg,train,1,1,1,1,1,1
images/train/image436.jpg,train,1,1,1,1,0,0
images/train/image437.jpg,train,1,1,1,1,0,0
images/train/image438.jpg,train,1,1,1,1,0,0
images/train/image44.jpeg,train,1,1,1,0,0,0
images/train/image440.jpg,train,1,0,0,1,0,0
images/train/image442.jpg,train,1,1,1,1,1,1
images/train/image443.jpg,train,1,1,1,1,0,0
images/train/image445.jpg,train,1,1,1,1,1,1
images/train/image447.jpg,train,0,0,1,0,0,0
images/train/image448.jpg,train,1,0,1,0,0,0
images/train/image449.jpg,train,1,1,1,1,0,0
images/train/image45.jpg,train,1,1,1,1,0,0
images/train/image451.jpg,train,1,1,1,1,0,0
images/train/image452.jpg,train,1,1,1,1,0,0
images/train/image453.jpg,train,1,1,1,0,0,0
images/train/image454.jpg,train,1,0,0,1,0,0
images/train/image455.jpg,train,0,0,1,0,1,0
images/train/image456.jpg,train,1,1,1,1,0,0
images/train/image457.jpg,train,1,1,1,1,0,0
images/train/image458.jpg,train,1,1,1,1,0,0
images/train/image461.jpg,train,1,1,1,0,0,0
images/train/image463.jpg,train,1,1,1,1,1,1
images/train/image465.jpg,train,1,1,1,1,0,0
images/train/image466.jpg,train,1,1,1,1,1,1
images/train/image467.jpg,train,1,0,1,0,1,0
images/train/image468.jpg,train,1,1,1,0,1,0
images/train/image469.jpg,train,1,0,0,0,0,0
images/train/image47.jpg,train,1,1,1,1,0,0
images/train/image471.jpg,train,1,1,1,1,0,0
images/train/image472.jpg,train,1,1,1,1,0,0
images/train/image473.jpg,train,1,1,1,1,0,0
images/train/image474.jpeg,train,1,1,1,0,0,0
images/train/image475.jpg,train,0,0,1,1,0,0
images/train/image476.jpg,train,1,0,1,0,0,0
images/train/image477.jpg,train,1,1,1,0,0,0
images/train/image478.jpg,train,1,1,1,1,0,0
images/train/image479.jpg,train,0,0,1,0,0,0
images/train/image48.jpeg,train,1,1,1,0,0,0
images/train/image480.jpg,train,0,0,0,0,0,0
images/train/image482.jpg,train,0,0,0,0,0,0
images/train/image483.jpg,train,1,0,1,0,0,0
images/train/image485.jpg,train,1,0,1,0,0,0
images/train/image486.jpg,train,1,0,1,0,0,0
images/train/image488.jpg,train,1,0,1,0,0,0
images/train/image489.jpg,train,1,0,1,0,0,0
images/train/image49.jpg,train,1,1,1,1,0,0
images/train/image490.jpg,train,1,0,1,0,0,0
images/train/image491.jpg,train,1,1,1,1,1,1
images/train/image492.jpg,train,1,0,1,0,0,0
images/train/image493.jpg,train,1,1,1,1,1,1
images/train/image494.jpg,train,1,1,1,1,1,1
images/train/image495.jpg,train,1,1,1,1,0,0
images/train/image496.jpg,train,0,1,0,1,0,0
images/train/image497.jpg,train,1,1,1,1,1,1
images/train/image498.jpg,train,1,0,1,0,0,0
images/train/image499.jpg,train,1,1,1,1,1,1
images/train/image5.jpeg,train,1,0,1,1,0,0
images/train/image50.jpeg,train,1,0,1,1,0,0
images/train/image500.jpg,train,1,1,1,1,1,1
images/train/image501.jpg,train,1,1,1,1,1,1
images/train/image503.jpg,train,1,0,1,1,0,0
images/train/image504.jpg,train,1,1,1,1,1,1
images/train/image506.jpg,train,1,1,1,1,1,1
images/train/image507.jpg,train,1,1,1,1,1,1
images/train/image509.jpg,train,1,1,1,1,1,1
images/train/image51.jpeg,train,1,0,1,0,0,0
images/train/image510.jpg,train,1,1,1,1,1,1
images/train/image511.jpg,train,1,1,1,1,1,1
images/train/image512.jpg,train,1,1,1,1,1,1
images/train/image513.jpg,train,1,1,1,1,1,1
images/train/image514.jpg,train,1,1,1,1,1,1
images/train/image515.jpg,train,1,1,1,1,1,1
images/train/image516.jpg,train,1,1,1,1,1,1
images/train/image518.jpg,train,1,1,1,1,1,1
images/train/image519.jpg,train,1,1,1,1,1,1
images/train/image52.jpg,train,1,1,1,1,1,1
images/train/image520.jpg,train,1,1,1,1,1,1
images/train/image521.jpeg,train,1,0,1,1,0,0
images/train/image522.jpeg,train,1,1,1,1,0,0
images/train/image523.jpg,train,1,1,1,0,0,0
images/train/image525.jpeg,train,1,1,1,1,0,0
images/train/image526.jpg,train,0,1,0,0,0,0
images/train/image527.jpg,train,1,1,1,1,0,0
images/train/image528.jpg,train,1,0,1,1,0,0
images/train/image529.jpg,train,1,0,1,1,0,0
images/train/image53.jpeg,train,1,1,1,1,0,0
images/train/image530.jpg,train,1,0,1,1,0,0
images/train/image531.jpg,train,1,0,1,0,0,0
images/train/image534.jpg,train,1,0,1,0,0,0
images/train/image539.jpg,train,1,0,1,1,0,0
images/train/image54.jpg,train,1,1,1,0,0,0
images/train/image540.jpg,train,0,0,1,0,0,0
images/train/image542.jpg,train,1,0,1,0,1,0
images/train/image543.jpg,train,1,0,1,0,0,0
images/train/image544.jpg,train,1,0,1,0,0,0
images/train/image545.jpg,train,1,0,1,0,0,0
images/train/image546.jpg,train,1,0,1,0,0,0
images/train/image549.jpg,train,1,1,1,0,0,0
images/train/image55.jpeg,train,0,0,1,0,0,0
images/train/image551.jpg,train,1,0,1,0,0,0
images/train/image552.jpg,train,1,0,1,0,0,0
images/train/image553.jpg,train,1,1,1,1,0,0
images/train/image554.jpg,train,1,0,1,0,0,0
images/train/image555.jpg,train,1,0,1,0,0,0
images/train/image556.jpg,train,1,0,0,0,0,0
images/train/image557.jpg,train,1,0,1,0,0,0
images/train/image558.jpg,train,1,1,1,1,0,0
images/train/image559.jpg,train,1,0,1,1,0,0
images/train/image56.jpg,train,1,1,1,1,0,0
images/train/image560.jpg,train,1,1,1,0,0,0
images/train/image561.jpg,train,1,1,1,0,0,0
images/train/image562.jpg,train,1,0,1,0,0,0
images/train/image563.jpg,train,1,1,1,1,0,0
images/train/image564.jpg,train,1,0,1,0,0,0
images/train/image565.jpg,train,1,1,1,1,0,0
images/train/image566.jpg,train,0,1,1,1,0,0
images/train/image567.jpg,train,1,1,1,1,0,0
images/train/image568.jpg,train,1,0,1,0,0,0
images/train/image569.jpg,train,1,0,1,0,0,0
images/train/image57.jpeg,train,0,0,0,1,0,0
images/train/image570.jpg,train,1,0,1,0,0,0
images/train/image571.jpg,train,1,0,1,0,0,0
images/train/image572.jpg,train,1,0,1,0,0,0
images/train/image574.jpg,train,1,1,1,1,1,1
images/train/image575.jpg,train,1,1,1,0,0,0
images/train/image577.jpg,train,1,0,1,1,0,0
images/train/image578.jpg,train,1,0,1,1,0,0
images/train/image579.jpg,train,1,0,1,1,0,0
images/train/image580.jpg,train,1,1,1,1,0,0
images/train/image581.jpg,train,1,1,1,1,1,1
images/train/image582.jpg,train,1,1,1,1,1,1
images/train/image583.jpg,train,1,1,1,1,0,0
images/train/image584.jpg,train,1,1,1,1,1,1
images/train/image586.jpg,train,1,1,1,0,0,0
images/train/image587.jpg,train,1,1,1,1,1,1
images/train/image588.jpg,train,1,1,1,1,0,0
images/train/image589.jpg,train,1,1,1,1,0,0
images/train/image59.jpg,train,1,1,1,0,0,0
images/train/image590.jpg,train,1,0,1,1,0,0
images/train/image591.jpg,train,1,1,1,1,0,0
images/train/image592.jpg,train,1,1,1,1,0,0
images/train/image593.jpg,train,1,1,1,1,0,0
images/train/image594.jpg,train,1,1,1,1,0,0
images/train/image595.jpg,train,1,0,1,1,0,0
images/train/image596.jpg,train,1,0,1,1,0,0
images/train/image597.jpeg,train,1,1,1,1,0,0
images/train/image598.jpg,train,1,1,1,0,0,0
images/train/image599.jpg,train,1,1,1,0,0,0
images/train/image60.jpeg,train,1,0,0,0,0,0
images/train/image600.jpg,train,1,0,1,1,0,0
images/train/image601.jpg,train,1,0,1,1,0,0
images/train/image602.jpg,train,1,0,1,1,1,0
images/train/image603.jpg,train,1,0,1,1,1,0
images/train/image604.jpg,train,1,1,1,0,0,0
images/train/image605.jpg,train,1,0,1,1,0,0
images/train/image606.jpg,train,1,0,1,1,0,0
images/train/image609.jpeg,train,1,0,1,0,0,0
images/train/image61.jpg,train,1,1,1,0,0,0
images/train/image610.jpg,train,1,0,1,1,0,0
images/train/image613.jpg,train,1,1,1,0,0,0
images/train/image614.jpg,train,1,0,1,1,0,0
images/train/image617.jpg,train,1,0,1,0,1,0
images/train/image618.jpg,train,1,0,1,0,1,0
images/train/image62.jpeg,train,1,0,1,0,0,0
images/train/image620.jpg,train,1,0,1,0,0,0
images/train/image621.jpg,train,1,1,1,1,0,0
images/train/image622.jpg,train,0,0,1,0,0,0
images/train/image623.jpg,train,1,0,0,0,0,0
images/train/image624.jpg,train,0,0,1,0,0,0
images/train/image625.jpg,train,1,1,0,0,1,0
images/train/image626.jpg,train,1,0,0,1,0,0
images/train/image629.jpg,train,1,0,1,0,0,0
images/train/image630.jpg,train,1,0,1,0,0,0
images/train/image631.jpeg,train,1,0,0,0,0,0
images/train/image632.jpg,train,1,0,1,0,0,0
images/train/image634.jpg,train,1,1,1,0,0,0
images/train/image635.jpg,train,1,0,1,0,0,0
images/train/image636.jpg,train,1,1,0,0,0,0
images/train/image637.jpg,train,1,1,1,1,0,0
images/train/image638.jpg,train,1,0,0,0,0,0
images/train/image639.jpg,train,1,0,0,0,0,0
images/train/image64.jpeg,train,1,1,1,0,0,0
images/train/image641.jpg,train,1,0,1,0,0,0
images/train/image642.jpeg,train,1,0,0,0,0,0
images/train/image643.jpg,train,1,0,1,0,0,0
images/train/image645.jpg,train,1,0,1,0,0,0
images/train/image646.jpg,train,1,0,0,0,0,0
images/train/image647.jpg,train,1,0,1,0,0,0
images/train/image648.jpg,train,1,1,0,1,0,0
images/train/image649.jpg,train,1,0,1,0,0,0
images/train/image650.jpg,train,1,1,1,0,1,0
images/train/image651.jpg,train,1,0,1,1,0,0
images/train/image652.jpg,train,1,0,1,0,0,0
images/train/image653.jpeg,train,1,0,0,0,0,0
images/train/image655.jpg,train,1,0,1,0,1,0
images/train/image657.jpg,train,1,0,1,0,0,0
images/train/image658.jpg,train,1,0,1,0,0,0
images/train/image659.jpg,train,1,0,1,0,0,0
images/train/image66.jpg,train,1,0,1,0,0,0
images/train/image661.jpg,train,1,0,1,0,1,0
images/train/image662.jpg,train,1,0,1,0,0,0
images/train/image663.jpg,train,1,0,1,0,0,0
images/train/image664.jpeg,train,1,0,0,0,0,0
images/train/image665.jpg,train,1,0,1,0,0,0
images/train/image667.jpg,train,1,0,1,1,0,0
images/train/image668.jpg,train,1,0,1,0,1,0
images/train/image67.jpeg,train,1,0,0,0,0,0
images/train/image671.jpeg,train,1,1,0,0,0,0
images/train/image672.jpg,train,1,0,1,0,0,0
images/train/image673.jpg,train,1,1,1,1,0,0
images/train/image675.jpg,train,0,0,1,0,0,0
images/train/image676.jpg,train,0,0,1,1,0,0
images/train/image677.jpeg,train,1,1,0,0,0,0
images/train/image678.jpg,train,1,0,0,1,0,0
images/train/image679.jpeg,train,1,1,0,1,0,0
images/train/image68.jpg,train,1,1,1,0,0,0
images/train/image681.jpg,train,1,1,1,1,0,0
images/train/image682.jpeg,train,1,0,1,0,0,0
images/train/image683.jpg,train,1,0,1,0,0,0
images/train/image684.jpg,train,1,1,1,1,0,0
images/train/image685.jpg,train,1,1,1,1,0,0
images/train/image687.jpg,train,1,0,1,0,0,0
images/train/image688.jpeg,train,1,0,1,0,0,0
images/train/image689.jpg,train,1,0,1,0,0,0
images/train/image69.jpeg,train,1,1,1,0,0,0
images/train/image690.jpg,train,1,1,1,1,0,0
images/train/image691.jpeg,train,1,0,1,0,0,0
images/train/image692.jpg,train,1,1,0,0,0,0
images/train/image693.jpg,train,1,1,1,1,0,0
images/train/image695.jpg,train,1,1,0,1,0,0
images/train/image697.jpeg,train,1,0,1,0,0,0
images/train/image699.jpg,train,1,1,1,1,0,0
images/train/image7.jpg,train,1,1,1,0,0,0
images/train/image701.jpg,train,1,0,1,0,0,0
images/train/image702.jpg,train,1,1,1,1,0,0
images/train/image703.jpeg,train,1,1,0,0,0,0
images/train/image704.jpg,train,1,0,0,0,0,0
images/train/image706.jpeg,train,1,1,0,0,0,0
images/train/image707.jpg,train,1,0,1,0,0,0
images/train/image71.jpg,train,1,0,1,0,0,0
images/train/image710.jpeg,train,1,1,0,1,0,0
images/train/image711.jpg,train,1,0,1,0,0,0
images/train/image712.jpg,train,1,1,1,1,0,0
images/train/image713.jpg,train,0,1,1,1,0,0
images/train/image715.jpg,train,1,0,1,0,0,0
images/train/image716.jpg,train,1,0,1,0,0,0
images/train/image717.jpeg,train,1,0,1,0,0,0
images/train/image72.jpeg,train,1,0,1,0,0,0
images/train/image720.jpeg,train,0,1,0,0,0,0
images/train/image721.jpg,train,1,0,1,0,0,0
images/train/image723.jpg,train,1,0,0,0,0,0
images/train/image724.jpg,train,1,1,1,1,0,0
images/train/image725.jpg,train,1,1,1,1,0,0
images/train/image726.jpeg,train,1,0,1,0,0,0
images/train/image727.jpg,train,1,0,1,0,0,0
images/train/image728.jpeg,train,1,1,0,0,0,0
images/train/image729.jpg,train,1,0,1,0,0,0
images/train/image73.jpg,train,1,0,1,0,0,0
images/train/image730.jpg,train,1,1,1,1,0,0
images/train/image731.jpg,train,0,1,1,1,0,0
images/train/image732.jpg,train,0,0,1,1,0,0
images/train/image733.jpg,train,1,1,1,1,0,0
images/train/image734.jpeg,train,0,1,1,0,0,0
images/train/image735.jpg,train,1,0,1,0,0,0
images/train/image736.jpg,train,1,1,1,1,0,0
images/train/image737.jpg,train,0,0,1,1,0,0
images/train/image738.jpg,train,0,0,1,1,0,0
images/train/image740.jpg,train,1,0,1,0,0,0
images/train/image741.jpg,train,0,1,1,1,0,0
images/train/image743.jpg,train,1,0,1,0,0,0
images/train/image744.jpg,train,0,0,1,1,0,0
images/train/image745.jpg,train,0,1,0,1,0,0
images/train/image746.jpg,train,1,0,1,0,0,0
images/train/image747.jpg,train,1,0,1,1,0,0
images/train/image748.jpeg,train,1,1,0,0,0,0
images/train/image75.jpg,train,1,0,1,1,0,0
images/train/image750.jpg,train,1,1,1,0,0,0
images/train/image751.jpg,train,1,1,0,0,0,0
images/train/image752.jpg,train,1,1,1,0,0,0
images/train/image753.jpg,train,1,1,0,0,1,0
images/train/image754.jpg,train,1,1,1,0,0,0
images/train/image755.jpg,train,1,0,1,0,0,0
images/train/image756.jpeg,train,1,1,0,0,0,0
images/train/image757.jpg,train,1,0,1,0,0,0
images/train/image76.jpg,train,1,0,1,0,0,0
images/train/image760.jpg,train,1,1,1,0,0,0
images/train/image761.jpg,train,1,1,1,0,0,0
images/train/image764.jpg,train,1,1,1,1,0,0
images/train/image765.jpg,train,1,1,1,1,0,0
images/train/image766.jpeg,train,1,1,0,1,0,0
images/train/image768.jpg,train,1,1,1,1,0,0
images/train/image769.jpg,train,1,1,1,1,0,0
images/train/image77.jpg,train,1,0,1,0,0,0
images/train/image770.jpg,train,1,1,1,1,0,0
images/train/image773.jpg,train,1,1,1,1,0,0
images/train/image774.jpeg,train,1,1,1,1,0,0
images/train/image775.jpg,train,1,0,1,0,0,0
images/train/image776.jpg,train,1,1,1,1,0,0
images/train/image777.jpg,train,1,1,1,1,0,0
images/train/image778.jpg,train,1,1,1,1,0,0
images/train/image78.jpg,train,1,1,1,1,0,0
images/train/image780.jpg,train,1,1,1,1,0,0
images/train/image781.jpg,train,1,1,1,1,0,0
images/train/image782.jpg,train,1,0,1,1,0,0
images/train/image783.jpeg,train,0,1,1,1,0,0
images/train/image784.jpg,train,1,0,1,1,0,0
images/train/image785.jpeg,train,1,1,0,0,1,0
images/train/image786.jpg,train,1,0,1,0,0,0
images/train/image788.jpg,train,1,1,1,1,0,0
images/train/image789.jpg,train,1,0,1,1,0,0
images/train/image79.jpg,train,1,1,1,0,0,0
images/train/image790.jpg,train,0,0,1,0,0,0
images/train/image791.jpg,train,0,0,1,0,0,0
images/train/image792.jpg,train,0,0,1,0,0,0
images/train/image793.jpg,train,0,0,1,0,0,0
images/train/image794.jpg,train,1,0,1,0,0,0
images/train/image795.jpeg,train,1,1,1,0,0,0
images/train/image797.jpg,train,1,0,1,0,1,0
images/train/image799.jpg,train,1,1,1,1,0,0
images/train/image8.jpeg,train,1,1,1,1,0,0
images/train/image80.jpg,train,1,1,1,0,0,0
images/train/image800.jpg,train,1,1,1,0,1,0
images/train/image801.jpg,train,1,1,1,1,1,1
images/train/image802.jpg,train,1,1,1,1,1,1
images/train/image803.jpg,train,1,1,1,1,0,0
images/train/image806.jpg,train,1,0,1,1,0,0
images/train/image807.jpeg,train,1,0,1,0,0,0
images/train/image809.jpg,train,1,1,1,1,1,1
images/train/image81.jpg,train,1,1,1,0,0,0
images/train/image811.jpg,train,1,1,1,0,0,0
images/train/image812.jpg,train,1,1,1,0,0,0
images/train/image813.jpg,train,1,1,1,0,0,0
images/train/image814.jpg,train,1,0,1,0,0,0
images/train/image815.jpg,train,1,0,1,0,0,0
images/train/image816.jpg,train,1,0,1,0,0,0
images/train/image817.jpg,train,1,0,1,0,0,0
images/train/image818.jpeg,train,0,1,0,0,0,0
images/train/image819.jpg,train,1,0,1,0,1,0
images/train/image82.jpg,train,1,1,1,1,0,0
images/train/image820.jpg,train,1,0,1,0,0,0
images/train/image821.jpg,train,1,0,1,0,0,0
images/train/image822.jpg,train,1,0,1,0,0,0
images/train/image823.jpg,train,1,0,1,0,0,0
images/train/image827.jpg,train,1,0,1,0,0,0
images/train/image828.jpg,train,1,0,1,0,0,0
images/train/image829.jpg,train,1,0,1,0,0,0
images/train/image83.jpg,train,1,1,1,0,0,0
images/train/image830.jpeg,train,1,0,1,0,0,0
images/train/image831.jpg,train,1,0,1,0,0,0
images/train/image832.jpg,train,1,0,1,0,0,0
images/train/image833.jpg,train,1,0,1,0,0,0
images/train/image835.jpg,train,1,0,1,0,0,0
images/train/image836.jpg,train,1,0,1,0,0,0
images/train/image837.jpg,train,1,0,1,0,0,0
images/train/image838.jpg,train,1,0,1,0,0,0
images/train/image839.jpg,train,1,0,1,0,0,0
images/train/image84.jpg,train,1,1,1,0,0,0
images/train/image840.jpeg,train,1,1,1,1,0,0
images/train/image841.jpg,train,1,0,1,0,0,0
images/train/image842.jpg,train,1,0,1,0,0,0
images/train/image843.jpg,train,1,0,1,0,0,0
images/train/image844.jpg,train,1,0,1,0,0,0
images/train/image845.jpg,train,1,0,1,0,0,0
images/train/image847.jpeg,train,1,1,1,0,0,0
images/train/image848.jpg,train,1,0,1,0,0,0
images/train/image849.jpg,train,0,0,1,0,0,0
images/train/image85.jpg,train,1,1,1,1,1,1
images/train/image850.jpg,train,1,1,1,1,1,1
images/train/image851.jpg,train,1,1,1,1,1,1
images/train/image853.jpg,train,1,1,1,0,0,0
images/train/image854.jpg,train,1,1,1,1,1,1
images/train/image855.jpg,train,1,1,1,1,1,1
images/train/image856.jpg,train,1,1,1,1,1,1
images/train/image857.jpg,train,1,1,1,1,1,1
images/train/image858.jpeg,train,1,1,1,0,1,0
images/train/image859.jpg,train,1,0,1,0,0,0
images/train/image86.jpg,train,1,1,1,1,1,1
images/train/image861.jpg,train,1,1,1,1,1,1
images/train/image862.jpg,train,1,1,1,1,1,1
images/train/image863.jpg,train,1,1,1,1,1,1
images/train/image864.jpg,train,1,1,1,1,1,1
images/train/image865.jpeg,train,1,1,1,0,0,0
images/train/image866.jpg,train,1,0,1,1,0,0
images/train/image869.jpg,train,1,1,1,1,1,1
images/train/image87.jpg,train,1,1,1,1,1,1
images/train/image870.jpg,train,1,1,1,1,1,1
images/train/image871.jpg,train,1,1,1,1,1,1
images/train/image872.jpg,train,1,1,1,1,1,1
images/train/image873.jpeg,train,1,0,1,0,0,0
images/train/image874.jpeg,train,1,1,1,0,0,0
images/train/image875.jpg,train,1,0,1,0,0,0
images/train/image877.jpg,train,1,1,1,1,1,1
images/train/image878.jpg,train,1,1,1,1,1,1
images/train/image879.jpg,train,1,1,1,1,1,1
images/train/image88.jpg,train,1,1,1,1,1,1
images/train/image880.jpg,train,1,1,1,1,1,1
images/train/image881.jpg,train,1,1,1,1,1,1
images/train/image882.jpg,train,1,1,1,1,1,1
images/train/image883.jpg,train,1,1,1,1,1,1
images/train/image886.jpeg,train,1,0,1,0,0,0
images/train/image887.jpg,train,1,0,1,0,0,0
images/train/image888.jpg,train,1,1,1,1,1,1
images/train/image889.jpg,train,1,1,1,1,1,1
images/train/image89.jpeg,train,0,1,1,0,0,0
images/train/image890.jpg,train,1,1,1,1,1,1
images/train/image891.jpg,train,1,1,1,1,1,1
images/train/image892.jpg,train,1,1,1,1,1,1
images/train/image893.jpg,train,1,1,1,1,1,1
images/train/image894.jpg,train,1,1,1,1,1,1
images/train/image895.jpg,train,1,1,1,1,1,1
images/train/image898.jpg,train,1,0,1,1,0,0
images/train/image899.jpg,train,1,1,1,1,1,1
images/train/image90.jpg,train,1,1,1,1,0,0
images/train/image900.jpg,train,1,1,1,1,1,1
images/train/image901.jpg,train,1,1,1,1,1,1
images/train/image902.jpg,train,1,1,1,1,1,1
images/train/image903.jpg,train,1,1,1,1,1,1
images/train/image904.jpg,train,1,1,1,1,1,1
images/train/image906.jpg,train,1,1,1,1,1,1
images/train/image907.jpeg,train,1,0,1,1,0,0
images/train/image908.jpg,train,1,0,1,1,0,0
images/train/image909.jpg,train,1,1,1,1,1,1
images/train/image91.jpg,train,1,1,1,1,1,1
images/train/image911.jpg,train,1,1,1,1,1,1
images/train/image912.jpg,train,1,1,1,1,1,1
images/train/image914.jpeg,train,1,0,1,1,0,0
images/train/image915.jpg,train,1,0,1,0,1,0
images/train/image916.jpg,train,1,1,1,1,1,1
images/train/image917.jpg,train,1,1,1,1,1,1
images/train/image918.jpg,train,1,1,1,1,1,1
images/train/image919.jpeg,train,1,0,1,1,0,0
images/train/image92.jpg,train,1,1,1,1,1,1
images/train/image920.jpg,train,1,0,1,0,0,0
images/train/image924.jpeg,train,1,0,0,1,0,0
images/train/image925.jpg,train,1,1,1,1,0,0
images/train/image926.jpg,train,1,1,1,1,0,0
images/train/image928.jpg,train,1,1,1,1,0,0
images/train/image929.jpg,train,1,1,1,1,0,0
images/train/image93.jpg,train,1,1,1,1,1,1
images/train/image930.jpeg,train,1,1,0,1,0,0
images/train/image931.jpg,train,1,1,1,0,0,0
images/train/image932.jpg,train,1,1,1,1,1,1
images/train/image936.jpg,train,1,1,1,1,1,1
images/train/image937.jpg,train,1,1,1,1,1,1
images/train/image938.jpg,train,1,1,1,1,1,1
images/train/image939.jpeg,train,1,1,0,0,1,0
images/train/image94.jpg,train,1,1,1,1,1,1
images/train/image940.jpg,train,1,0,1,0,0,0
images/train/image941.jpg,train,1,1,1,1,0,0
images/train/image944.jpg,train,1,1,1,1,1,1
images/train/image945.jpg,train,1,1,1,1,1,1
images/train/image946.jpg,train,1,1,1,1,1,1
images/train/image947.jpg,train,1,1,1,1,1,1
images/train/image948.jpg,train,1,1,1,1,1,1
images/train/image949.jpg,train,1,1,1,1,1,1
images/train/image95.jpg,train,1,1,1,1,1,1
images/train/image950.jpeg,train,1,1,0,0,1,0
images/train/image951.jpg,train,1,0,1,0,0,0
images/train/image952.jpg,train,1,1,1,1,1,1
images/train/image953.jpg,train,1,1,1,1,1,1
images/train/image954.jpg,train,1,1,1,1,1,1
images/train/image957.jpg,train,1,1,1,1,1,1
images/train/image958.jpg,train,1,1,1,1,1,1
images/train/image959.jpg,train,1,1,1,1,1,1
images/train/image96.jpg,train,1,1,1,1,1,1
images/train/image960.jpg,train,1,1,1,1,1,1
images/train/image962.jpg,train,1,0,1,1,0,0
images/train/image963.jpeg,train,1,0,0,0,0,0
images/train/image964.jpg,train,1,0,1,1,0,0
images/train/image966.jpg,train,1,1,1,1,1,1
images/train/image967.jpg,train,1,1,1,1,1,1
images/train/image968.jpg,train,1,1,1,1,1,1
images/train/image969.jpg,train,1,1,1,1,1,1
images/train/image97.jpg,train,1,1,1,1,1,1
images/train/image970.jpeg,train,0,0,0,1,0,0
images/train/image971.jpg,train,1,0,1,1,1,0
images/train/image972.jpg,train,1,1,1,1,1,1
images/train/image973.jpg,train,1,1,1,1,1,1
images/train/image974.jpg,train,1,1,1,1,1,1
images/train/image975.jpg,train,1,1,1,1,1,1
images/train/image976.jpeg,train,1,0,0,1,0,0
images/train/image977.jpg,train,1,1,1,1,1,1
images/train/image978.jpg,train,1,1,1,1,1,1
images/train/image980.jpg,train,1,1,1,1,0,0
images/train/image982.jpg,train,1,0,1,1,0,0
images/train/image983.jpg,train,1,1,1,1,1,1
images/train/image984.jpg,train,1,1,1,1,1,1
images/train/image985.jpg,train,1,1,1,1,1,1
images/train/image986.jpg,train,1,1,1,1,1,1
images/train/image988.jpeg,train,0,0,0,1,1,0
images/train/image99.jpeg,train,0,0,1,1,0,0
images/train/image990.jpg,train,1,1,1,1,1,1
images/train/image991.jpg,train,1,1,1,1,1,1
images/train/image992.jpg,train,1,1,1,1,1,1
images/train/image993.jpg,train,1,1,1,1,1,1
images/train/image994.jpg,train,1,1,1,1,1,1
images/train/image995.jpg,train,1,1,1,1,1,1
images/train/image996.jpg,train,1,1,1,1,1,1
images/train/image998.jpg,train,1,1,1,1,1,1
images/val/image1010.jpg,val,1,1,1,1,1,1
images/val/image1046.jpeg,val,1,0,1,0,0,0
images/val/image1049.jpg,val,1,1,1,1,1,1
images/val/image1055.jpg,val,1,1,1,1,1,1
images/val/image1057.jpg,val,1,1,1,1,1,1
images/val/image1072.jpg,val,1,1,1,1,1,1
images/val/image1083.jpg,val,1,1,1,1,1,1
images/val/image1085.jpg,val,1,1,1,1,1,1
images/val/image1091.jpg,val,1,1,1,1,1,1
images/val/image1096.jpg,val,1,1,1,1,1,1
images/val/image11.jpeg,val,1,1,1,1,0,0
images/val/image1107.jpg,val,1,1,1,1,1,1
images/val/image1109.jpg,val,1,1,1,1,1,1
images/val/image1121.jpg,val,1,0,1,0,0,0
images/val/image1129.jpg,val,0,0,0,0,0,0
images/val/image1130.jpg,val,0,0,0,0,0,0
images/val/image1137.jpg,val,0,0,0,0,0,0
images/val/image1146.jpg,val,0,0,0,0,0,0
images/val/image115.jpg,val,1,0,1,1,0,0
images/val/image1151.jpg,val,0,0,0,0,0,0
images/val/image117.jpg,val,1,0,1,0,0,0
images/val/image1183.jpg,val,0,0,0,0,0,0
images/val/image1190.jpg,val,0,0,0,0,1,0
images/val/image1193.jpg,val,0,0,0,0,0,0
images/val/image12.jpg,val,1,1,1,0,0,0
images/val/image1203.jpg,val,0,0,0,0,0,0
images/val/image1211.jpg,val,0,0,0,1,0,0
images/val/image1215.jpg,val,0,0,0,0,0,0
images/val/image1217.jpg,val,0,0,0,0,1,0
images/val/image1223.jpg,val,0,0,0,0,0,0
images/val/image1234.jpg,val,0,0,0,0,0,0
images/val/image1248.jpg,val,0,0,0,0,0,0
images/val/image1273.jpg,val,0,0,0,0,0,0
images/val/image1290.jpg,val,0,0,0,0,0,0
images/val/image130.jpg,val,1,0,1,0,0,0
images/val/image1301.jpg,val,0,0,0,0,0,0
images/val/image132.jpg,val,1,0,1,0,0,0
images/val/image1333.jpg,val,0,0,0,1,0,0
images/val/image1341.jpg,val,0,0,0,0,0,0
images/val/image1342.jpg,val,0,0,0,0,0,0
images/val/image1346.jpg,val,0,0,0,0,0,0
images/val/image1369.jpg,val,0,0,0,1,0,0
images/val/image137.jpg,val,1,1,1,1,0,0
images/val/image1375.jpg,val,0,0,0,0,0,0
images/val/image1377.jpg,val,0,0,0,0,0,0
images/val/image1392.jpg,val,0,0,0,1,0,0
images/val/image1397.jpg,val,0,0,0,0,0,0
images/val/image1402.jpg,val,0,0,0,0,0,0
images/val/image141.jpeg,val,1,1,1,0,0,0
images/val/image144.jpg,val,1,0,1,0,0,0
images/val/image151.jpg,val,1,0,1,0,0,0
images/val/image164.jpg,val,1,0,1,0,1,0
images/val/image171.jpg,val,0,0,1,0,0,0
images/val/image176.jpg,val,1,0,1,1,0,0
images/val/image199.jpg,val,1,0,1,0,0,0
images/val/image202.jpg,val,1,0,1,0,1,0
images/val/image212.jpg,val,1,0,1,0,0,0
images/val/image23.jpeg,val,1,0,1,0,0,0
images/val/image230.jpg,val,1,0,1,0,0,0
images/val/image238.jpg,val,1,0,1,1,1,0
images/val/image253.jpg,val,1,1,1,1,1,1
images/val/image259.jpg,val,1,1,1,1,1,1
images/val/image27.jpeg,val,1,1,1,1,0,0
images/val/image270.jpg,val,1,1,1,1,1,1
images/val/image278.jpg,val,1,1,1,1,1,1
images/val/image31.jpg,val,1,1,1,0,1,0
images/val/image318.jpg,val,1,0,1,0,0,0
images/val/image329.jpeg,val,1,0,1,0,0,0
images/val/image330.jpg,val,1,1,1,0,0,0
images/val/image337.jpg,val,1,0,1,0,0,0
images/val/image347.jpg,val,1,0,1,0,0,0
images/val/image35.jpeg,val,1,1,0,0,0,0
images/val/image355.jpg,val,1,1,1,1,1,1
images/val/image360.jpg,val,0,1,0,0,0,0
images/val/image391.jpg,val,1,1,1,1,1,1
images/val/image392.jpg,val,1,1,1,1,0,0
images/val/image395.jpg,val,1,1,1,1,0,0
images/val/image396.jpg,val,1,1,1,1,1,1
images/val/image407.jpg,val,1,1,1,1,1,1
images/val/image411.jpg,val,1,1,1,1,1,1
images/val/image419.jpg,val,1,1,1,1,1,1
images/val/image430.jpg,val,1,1,1,1,1,1
images/val/image439.jpeg,val,1,1,1,0,0,0
images/val/image446.jpg,val,1,1,1,1,1,1
images/val/image46.jpeg,val,1,0,0,1,0,0
images/val/image464.jpg,val,1,1,1,1,0,0
images/val/image487.jpg,val,1,0,1,0,0,0
images/val/image505.jpg,val,1,1,1,1,1,1
images/val/image508.jpg,val,1,1,1,1,1,1
images/val/image524.jpeg,val,1,1,1,0,0,0
images/val/image532.jpeg,val,0,1,1,0,0,0
images/val/image547.jpg,val,1,0,1,0,0,0
images/val/image573.jpg,val,1,0,1,0,0,0
images/val/image576.jpg,val,1,1,1,1,1,1
images/val/image607.jpeg,val,1,1,1,0,0,0
images/val/image608.jpg,val,1,0,1,0,0,0
images/val/image615.jpg,val,1,0,1,1,0,0
images/val/image627.jpg,val,1,0,1,0,0,0
images/val/image628.jpg,val,1,0,1,0,1,0
images/val/image640.jpg,val,1,1,1,0,0,0
images/val/image644.jpg,val,1,0,1,0,0,0
images/val/image65.jpeg,val,1,0,1,0,0,0
images/val/image654.jpg,val,1,0,0,0,0,0
images/val/image656.jpg,val,0,0,1,0,0,0
images/val/image660.jpg,val,1,0,1,0,1,0
images/val/image666.jpg,val,1,0,1,0,0,0
images/val/image669.jpg,val,1,1,1,1,0,0
images/val/image670.jpg,val,1,1,1,1,0,0
images/val/image674.jpg,val,1,1,1,1,0,0
images/val/image680.jpg,val,1,0,1,0,0,0
images/val/image686.jpeg,val,1,0,0,0,0,0
images/val/image698.jpg,val,1,1,1,0,0,0
images/val/image705.jpg,val,0,0,1,1,0,0
images/val/image709.jpg,val,1,1,1,1,0,0
images/val/image719.jpg,val,0,0,1,1,0,0
images/val/image74.jpeg,val,0,0,1,0,0,0
images/val/image742.jpeg,val,1,1,1,0,0,0
images/val/image749.jpg,val,1,0,1,0,0,0
images/val/image759.jpg,val,1,1,1,0,0,0
images/val/image762.jpg,val,1,1,1,1,0,0
images/val/image763.jpg,val,1,1,1,1,0,0
images/val/image767.jpg,val,1,0,1,0,0,0
images/val/image771.jpg,val,1,1,1,1,0,0
images/val/image798.jpg,val,1,1,1,1,0,0
images/val/image804.jpg,val,1,1,1,1,0,0
images/val/image808.jpg,val,1,0,1,1,0,0
images/val/image824.jpg,val,1,0,1,0,0,0
images/val/image826.jpg,val,1,0,1,0,0,0
images/val/image852.jpeg,val,1,1,1,0,0,0
images/val/image867.jpg,val,1,1,1,1,1,1
images/val/image868.jpg,val,1,1,1,1,1,1
images/val/image876.jpg,val,1,1,1,1,1,1
images/val/image885.jpg,val,1,1,1,1,1,1
images/val/image896.jpg,val,1,1,1,1,1,1
images/val/image897.jpeg,val,1,0,1,0,0,0
images/val/image9.jpg,val,1,1,1,1,0,0
images/val/image933.jpg,val,1,1,1,1,1,1
images/val/image942.jpg,val,1,1,1,1,1,1
images/val/image955.jpg,val,1,1,1,1,1,1
images/val/image961.jpeg,val,1,1,1,0,0,0
images/val/image981.jpeg,val,0,1,0,0,1,0
images/val/image989.jpg,val,1,0,1,1,0,0
images/val/image997.jpg,val,1,1,1,1,1,1
images/test/image1.jpeg,test,1,1,1,0,0,0
images/test/image10.jpeg,test,0,0,1,0,0,0
images/test/image1003.jpg,test,1,1,1,1,0,0
images/test/image1007.jpg,test,1,1,1,1,1,1
images/test/image1009.jpg,test,1,1,1,0,0,0
images/test/image1014.jpg,test,1,1,1,1,1,1
images/test/image1019.jpg,test,1,1,1,1,0,0
images/test/image1023.jpg,test,1,1,1,1,1,1
images/test/image1037.jpeg,test,1,1,1,1,0,0
images/test/image1065.jpg,test,1,1,1,1,1,1
images/test/image1074.jpg,test,1,1,1,1,1,1
images/test/image1076.jpg,test,1,1,1,1,1,1
images/test/image1088.jpg,test,1,1,1,1,1,1
images/test/image1089.jpg,test,1,1,1,1,1,1
images/test/image110.jpg,test,1,1,1,0,0,0
images/test/image1111.jpg,test,1,1,1,1,1,1
images/test/image1114.jpg,test,1,1,1,1,1,1
images/test/image1120.jpg,test,0,0,0,0,0,0
images/test/image1125.jpg,test,0,0,0,1,0,0
images/test/image1132.jpg,test,0,0,0,1,0,0
images/test/image1133.jpg,test,0,0,0,0,0,0
images/test/image1139.jpg,test,0,0,0,0,0,0
images/test/image1145.jpg,test,0,0,0,1,0,0
images/test/image1152.jpg,test,0,0,0,0,0,0
images/test/image116.jpg,test,1,1,1,0,0,0
images/test/image1178.jpg,test,0,0,0,0,0,0
images/test/image1205.jpg,test,0,0,0,0,0,0
images/test/image122.jpeg,test,1,0,1,0,1,0
images/test/image1229.jpg,test,0,0,0,0,0,0
images/test/image1231.jpg,test,0,0,0,0,0,0
images/test/image1235.jpg,test,0,0,0,1,0,0
images/test/image1239.jpg,test,0,0,0,0,0,0
images/test/image1252.jpg,test,0,0,0,0,0,0
images/test/image1256.jpg,test,0,0,0,1,1,0
images/test/image1264.jpg,test,0,0,0,1,0,0
images/test/image1270.jpg,test,0,0,0,0,1,0
images/test/image1276.jpg,test,0,0,0,0,0,0
images/test/image1292.jpg,test,0,0,0,1,0,0
images/test/image1293.jpg,test,0,0,0,0,0,0
images/test/image1306.jpg,test,0,0,0,0,0,0
images/test/image1330.jpg,test,0,0,0,0,0,0
images/test/image1331.jpg,test,0,0,0,0,0,0
images/test/image1332.jpg,test,0,0,0,0,0,0
images/test/image1344.jpg,test,0,0,0,0,0,0
images/test/image1354.jpg,test,1,1,1,0,0,0
images/test/image140.jpg,test,1,0,1,0,0,0
images/test/image1406.jpg,test,0,0,0,0,0,0
images/test/image149.jpg,test,1,0,1,1,0,0
images/test/image150.jpg,test,1,1,1,0,0,0
images/test/image160.jpg,test,1,1,1,0,0,0
images/test/image161.jpg,test,1,0,1,0,1,0
images/test/image167.jpg,test,1,0,1,1,1,0
images/test/image168.jpg,test,1,0,1,0,0,0
images/test/image169.jpg,test,1,1,1,0,0,0
images/test/image180.jpg,test,1,1,1,0,1,0
images/test/image182.jpg,test,1,0,1,1,0,0
images/test/image190.jpg,test,1,0,1,1,0,0
images/test/image207.jpg,test,1,1,1,1,0,0
images/test/image225.jpg,test,1,0,1,0,0,0
images/test/image231.jpg,test,1,0,1,0,0,0
images/test/image241.jpg,test,1,1,1,1,1,1
images/test/image257.jpg,test,1,1,1,1,1,1
images/test/image271.jpg,test,1,1,1,1,1,1
images/test/image287.jpg,test,1,0,1,0,0,0
images/test/image296.jpg,test,1,1,1,1,1,1
images/test/image324.jpg,test,1,1,1,0,0,0
images/test/image345.jpg,test,1,0,1,0,0,0
images/test/image350.jpg,test,1,1,1,1,1,1
images/test/image361.jpg,test,0,1,0,1,1,0
images/test/image381.jpg,test,1,1,1,1,1,1
images/test/image389.jpg,test,1,1,1,1,1,1
images/test/image393.jpg,test,1,1,1,1,1,1
images/test/image40.jpg,test,1,1,1,1,0,0
images/test/image401.jpg,test,1,1,1,1,1,1
images/test/image423.jpg,test,1,1,1,1,1,1
images/test/image431.jpg,test,1,1,1,1,1,1
images/test/image441.jpg,test,1,1,1,1,1,1
images/test/image444.jpg,test,1,1,1,1,1,1
images/test/image450.jpg,test,1,0,0,0,0,0
images/test/image459.jpg,test,1,0,1,1,0,0
images/test/image460.jpg,test,1,1,1,0,0,0
images/test/image462.jpg,test,1,1,1,1,1,1
images/test/image470.jpeg,test,0,1,1,0,0,0
images/test/image481.jpg,test,1,0,1,1,0,0
images/test/image484.jpg,test,1,0,1,0,0,0
images/test/image502.jpg,test,1,1,1,1,1,1
images/test/image517.jpg,test,1,1,1,1,1,1
images/test/image533.jpg,test,1,0,1,1,0,0
images/test/image535.jpg,test,1,0,1,0,0,0
images/test/image536.jpg,test,1,0,1,1,0,0
images/test/image537.jpg,test,1,0,1,1,0,0
images/test/image538.jpg,test,1,0,1,0,0,0
images/test/image541.jpg,test,1,0,1,0,0,0
images/test/image548.jpg,test,1,0,1,0,0,0
images/test/image550.jpg,test,1,0,1,0,0,0
images/test/image58.jpeg,test,1,0,0,0,0,0
images/test/image585.jpg,test,1,1,1,1,1,1
images/test/image6.jpeg,test,1,0,1,0,0,0
images/test/image611.jpg,test,1,1,1,1,0,0
images/test/image612.jpg,test,1,0,1,1,0,0
images/test/image616.jpg,test,1,1,1,0,1,0
images/test/image619.jpeg,test,1,0,1,1,0,0
images/test/image63.jpg,test,1,1,1,0,0,0
images/test/image633.jpg,test,1,0,1,0,0,0
images/test/image694.jpeg,test,1,0,1,0,0,0
images/test/image696.jpg,test,1,0,1,0,0,0
images/test/image70.jpeg,test,1,1,1,0,0,0
images/test/image700.jpeg,test,1,0,1,0,0,0
images/test/image708.jpg,test,0,1,1,1,0,0
images/test/image714.jpeg,test,0,0,1,0,0,0
images/test/image718.jpg,test,1,0,1,0,0,0
images/test/image722.jpeg,test,1,1,0,0,0,0
images/test/image739.jpeg,test,1,1,1,0,0,0
images/test/image758.jpg,test,1,1,1,0,0,0
images/test/image772.jpg,test,1,1,1,1,0,0
images/test/image779.jpg,test,1,1,1,1,0,0
images/test/image787.jpg,test,1,1,1,1,0,0
images/test/image796.jpg,test,1,0,1,0,0,0
images/test/image805.jpg,test,1,1,1,0,0,0
images/test/image810.jpg,test,1,0,1,1,0,0
images/test/image825.jpg,test,1,0,1,0,0,0
images/test/image834.jpg,test,1,0,1,0,0,0
images/test/image846.jpg,test,1,0,1,0,0,0
images/test/image860.jpg,test,1,1,1,1,1,1
images/test/image884.jpg,test,1,1,1,1,1,1
images/test/image905.jpg,test,1,1,1,1,1,1
images/test/image910.jpg,test,1,1,1,1,1,1
images/test/image913.jpg,test,1,1,1,1,1,1
images/test/image921.jpg,test,1,1,1,1,1,1
images/test/image922.jpg,test,1,1,1,1,1,1
images/test/image923.jpg,test,1,1,1,1,0,0
images/test/image927.jpg,test,1,1,1,1,0,0
images/test/image934.jpg,test,1,1,1,1,1,1
images/test/image935.jpg,test,1,1,1,1,1,1
images/test/image943.jpg,test,1,1,1,1,1,1
images/test/image956.jpg,test,1,1,1,1,1,1
images/test/image965.jpg,test,1,1,1,1,1,1
images/test/image979.jpg,test,1,1,1,1,1,1
images/test/image98.jpg,test,1,1,1,1,1,1
images/test/image987.jpg,test,1,1,1,1,1,1
images/test/image999.jpg,test,1,1,1,1,1,1
